{
    "header": [
        "#SBATCH -J FEP_AMBER",
        "#SBATCH -N 1",
        "#SBATCH -p savio3_gpu",
        "#SBATCH -A co_armada2",
        "#SBATCH --ntasks-per-node 16",
        "#SBATCH --qos=armada2_gpu3_normal",
        "#SBATCH --gres=gpu:A40:2",
        "#SBATCH --mem=16G",
        "#SBATCH --time=48:0:0",
        "",
        "source /global/home/users/ericwangyz/env/amber22.env",
        "echo \"Allocated GPU IDs: $CUDA_VISIBLE_DEVICES on $(hostname)\""
    ],
    "atom_mapping_method": "kartograf",
    "atom_mapping_options": {"atom_max_distance": 0.95},
    "use_charge_change": true,
    "use_settle_for_alchemical_water": true,
    "solvent": {
        "cutoff": 10.0, 
        "pressure": 1.01325,
        "temperature": 298.15,
        "ionic_strength": 0.15,
        "buffer": 15.0,
        "do_hmr": true,
        "hydrogen_mass": 3.024,
        "lambdas": [
            0.0,
            0.17418112419756926,
            0.22617652497780882,
            0.26503149157260136,
            0.32964616165280397,
            0.3832311736717339,
            0.4315957069593988,
            0.47745092595317695,
            0.5225490740468232,
            0.5684042930406012,
            0.616768826328266,
            0.6703538383471961,
            0.7349685084273984,
            0.7738234750221917,
            0.8258188758024317,
            1.0
        ],
        "em": {
            "num_steps": 5000, "step_size": 0.01, "ofreq": 500
        },
        "heat_0": {
            "num_steps": 5000, "dt": 0.004, "ofreq": 500, "restraint_wt": 5.0
        },
        "pres_0": {
            "num_steps": 5000, "dt": 0.004, "ofreq": 500, "restraint_wt": 5.0
        },
        "heat_1": {
            "num_steps": 5000, "dt": 0.004, "ofreq": 500, "restraint_wt": 5.0
        },
        "pres_1": {
            "num_steps": 5000, "dt": 0.004, "ofreq": 500, "restraint_wt": 5.0
        },
        "heat_2": {
            "num_steps": 5000, "dt": 0.004, "ofreq": 500, "restraint_wt": 5.0
        },
        "pres_2": {
            "num_steps": 5000, "dt": 0.004, "ofreq": 500, "restraint_wt": 5.0
        },
        "pre_prod": {
            "num_steps": 25000, "dt": 0.004, "ofreq": 5000, "restraint_wt": 0.0
        },
        "prod": {
            "num_steps": 125, "dt": 0.004, "numexchg": 10000, "ofreq": 25000
        }
    },
    "complex": {
        "cutoff": 10.0,
        "pressure": 1.01325,
        "temperature": 298.15,
        "buffer": 15.0,
        "ionic_strength": 0.15,
        "do_hmr": true,
        "hydrogen_mass": 3.024,
        "lambdas": [
            0.0,
            0.17418112419756926,
            0.22617652497780882,
            0.26503149157260136,
            0.32964616165280397,
            0.3832311736717339,
            0.4315957069593988,
            0.47745092595317695,
            0.5225490740468232,
            0.5684042930406012,
            0.616768826328266,
            0.6703538383471961,
            0.7349685084273984,
            0.7738234750221917,
            0.8258188758024317,
            1.0
        ],
        "em": {
            "num_steps": 5000, "step_size": 0.01, "ofreq": 500
        },
        "heat_0": {
            "num_steps": 5000, "dt": 0.004, "ofreq": 500, "restraint_wt": 5.0
        },
        "pres_0": {
            "num_steps": 5000, "dt": 0.004, "ofreq": 500, "restraint_wt": 5.0
        },
        "heat_1": {
            "num_steps": 5000, "dt": 0.004, "ofreq": 500, "restraint_wt": 5.0
        },
        "pres_1": {
            "num_steps": 5000, "dt": 0.004, "ofreq": 500, "restraint_wt": 5.0
        },
        "heat_2": {
            "num_steps": 5000, "dt": 0.004, "ofreq": 500, "restraint_wt": 5.0
        },
        "pres_2": {
            "num_steps": 5000, "dt": 0.004, "ofreq": 500, "restraint_wt": 5.0
        },
        "pre_prod": {
            "num_steps": 25000, "dt": 0.004, "ofreq": 5000, "restraint_wt": 0.0
        },
        "prod": {
            "num_steps": 125, "dt": 0.004, "numexchg": 10000, "ofreq": 25000
        }
    },
    "gas": {
        "cutoff": 10.0,
        "pressure": 1.01325,
        "temperature": 298.15,
        "lambdas": [
            0.0,
            0.17418112419756926,
            0.22617652497780882,
            0.26503149157260136,
            0.32964616165280397,
            0.3832311736717339,
            0.4315957069593988,
            0.47745092595317695,
            0.5225490740468232,
            0.5684042930406012,
            0.616768826328266,
            0.6703538383471961,
            0.7349685084273984,
            0.7738234750221917,
            0.8258188758024317,
            1.0
        ],
        "buffer": 20.0,
        "do_hmr": true,
        "hydrogen_mass": 3.024,
        "em": {
            "num_steps": 5000, "step_size": 0.01, "ofreq": 500
        },
        "heat": {
            "num_steps": 12000, "dt": 0.004, "ofreq": 5000, "restraint_wt": 5.0, "tempi": 5.0
        },
        "prod": {
            "num_steps": 250, "dt": 0.004, "numexchg": 1000, "ofreq": 25000
        }
    }
}